date,temp_mean,precip_sum,wind_max,station
2017-12,7.79,4.8,42.92,PARIS LYON
2018-01,7.15,130.3,46.35,PARIS LYON
2018-02,1.19,60.4,29.64,PARIS LYON
2018-03,6.76,86.0,33.41,PARIS LYON
2018-04,12.65,70.5,39.58,PARIS LYON
2018-05,15.92,51.3,25.41,PARIS LYON
2018-06,19.04,93.5,24.29,PARIS LYON
2018-07,22.84,30.2,28.28,PARIS LYON
2018-08,20.62,44.6,29.54,PARIS LYON
2018-09,16.86,29.3,44.73,PARIS LYON
2018-10,13.54,34.4,35.36,PARIS LYON
2018-11,7.84,82.9,29.22,PARIS LYON
2018-12,6.45,79.9,39.46,PARIS LYON
2019-01,3.45,60.8,32.17,PARIS LYON
2019-02,6.28,29.6,41.06,PARIS LYON
2019-03,8.86,57.6,47.11,PARIS LYON
2019-04,10.72,29.3,32.64,PARIS LYON
2019-05,13.06,83.8,27.65,PARIS LYON
2019-06,19.12,78.7,42.6,PARIS LYON
2019-07,21.5,21.8,29.69,PARIS LYON
2019-08,20.05,80.9,33.06,PARIS LYON
2019-09,16.95,38.3,42.0,PARIS LYON
2019-10,13.17,112.0,33.05,PARIS LYON
2019-11,7.42,103.4,31.09,PARIS LYON
2019-12,6.33,92.9,42.53,PARIS LYON
2020-01,6.16,44.4,36.62,PARIS LYON
2020-02,8.07,113.6,49.37,PARIS LYON
2020-03,7.8,55.5,40.26,PARIS LYON
2020-04,14.0,35.8,35.17,PARIS LYON
2020-05,15.61,30.0,38.16,PARIS LYON
2020-06,18.1,50.6,33.91,PARIS LYON
2020-07,20.41,10.3,28.46,PARIS LYON
2020-08,21.6,40.3,35.36,PARIS LYON
2020-09,18.21,50.0,37.51,PARIS LYON
2020-10,12.19,91.8,40.61,PARIS LYON
2020-11,8.85,15.5,36.74,PARIS LYON
2020-12,6.07,136.0,47.08,PARIS LYON
2021-01,4.34,110.5,43.49,PARIS LYON
2021-02,6.14,52.5,35.14,PARIS LYON
2021-03,7.5,37.3,40.34,PARIS LYON
2021-04,8.37,35.5,27.78,PARIS LYON
2021-05,12.72,71.0,34.99,PARIS LYON
2021-06,19.01,77.5,30.38,PARIS LYON
2021-07,19.09,104.2,35.73,PARIS LYON
2021-08,18.4,20.7,32.42,PARIS LYON
2021-09,17.68,77.1,25.05,PARIS LYON
2021-10,11.8,70.9,47.5,PARIS LYON
2021-11,6.2,28.3,32.34,PARIS LYON
2021-12,6.21,78.6,32.16,PARIS LYON
2022-01,4.02,52.3,45.63,PARIS LYON
2022-02,6.91,25.6,46.54,PARIS LYON
2022-03,8.61,44.8,30.31,PARIS LYON
2022-04,10.92,51.8,38.78,PARIS LYON
2022-05,16.44,45.1,28.88,PARIS LYON
2022-06,18.93,93.0,28.84,PARIS LYON
2022-07,21.67,35.1,25.62,PARIS LYON
2022-08,22.17,55.3,23.07,PARIS LYON
2022-09,15.85,72.5,31.56,PARIS LYON
2022-10,15.22,76.3,36.44,PARIS LYON
2022-11,9.15,68.4,38.18,PARIS LYON
2022-12,5.05,92.6,36.44,PARIS LYON
2023-01,5.57,65.1,44.21,PARIS LYON
2023-02,5.3,8.7,33.06,PARIS LYON
2023-03,8.84,99.6,40.72,PARIS LYON
2023-04,9.7,84.2,37.57,PARIS LYON
2023-05,14.69,80.5,27.29,PARIS LYON
2023-06,20.81,79.3,27.53,PARIS LYON
2023-07,20.34,94.8,34.75,PARIS LYON
2023-08,19.53,133.9,42.19,PARIS LYON
2023-09,19.66,71.3,28.79,PARIS LYON
2023-10,14.25,112.2,41.87,PARIS LYON
2023-11,8.52,108.6,47.57,PARIS LYON
2023-12,7.49,91.1,36.91,PARIS LYON
2024-01,4.11,63.9,40.54,PARIS LYON
2024-02,8.65,112.2,45.53,PARIS LYON
2024-03,9.18,101.4,39.95,PARIS LYON
2024-04,11.3,81.0,38.8,PARIS LYON
2024-05,14.41,141.9,24.86,PARIS LYON
2024-06,16.7,98.9,30.83,PARIS LYON
2024-07,20.02,94.6,27.91,PARIS LYON
2024-08,20.57,104.3,28.55,PARIS LYON
2024-09,15.38,127.1,34.42,PARIS LYON
2024-10,13.41,103.8,27.68,PARIS LYON
2024-11,8.07,59.0,29.2,PARIS LYON
2024-12,5.94,62.2,27.68,PARIS LYON
2025-01,3.95,136.1,33.65,PARIS LYON
2025-02,4.93,45.7,26.24,PARIS LYON
2025-03,8.49,21.3,24.04,PARIS LYON
2025-04,13.75,37.5,21.19,PARIS LYON
2025-05,16.01,49.1,23.42,PARIS LYON
2025-06,21.99,66.3,25.24,PARIS LYON
2025-07,20.32,152.8,22.37,PARIS LYON
2025-08,21.08,27.8,20.98,PARIS LYON
2025-09,15.8,74.2,29.66,PARIS LYON
2025-10,12.6,49.5,30.11,PARIS LYON
2025-11,8.36,77.8,23.86,PARIS LYON
2025-12,6.54,40.9,25.07,PARIS LYON
2026-01,5.15,70.8,31.96,PARIS LYON
2026-02,8.81,119.3,26.33,PARIS LYON
2026-03,9.5,59.1,30.14,PARIS LYON
2026-04,13.77,18.7,23.23,PARIS LYON
2026-05,16.97,118.2,22.21,PARIS LYON
2026-06,22.93,50.3,26.83,PARIS LYON
2017-12,7.76,3.9,41.79,PARIS EST
2018-01,7.12,119.7,43.66,PARIS EST
2018-02,1.19,60.8,29.09,PARIS EST
2018-03,6.67,92.2,33.95,PARIS EST
2018-04,12.57,74.9,46.93,PARIS EST
2018-05,15.82,55.0,26.93,PARIS EST
2018-06,18.93,80.8,23.89,PARIS EST
2018-07,22.76,20.2,28.17,PARIS EST
2018-08,20.49,48.9,28.39,PARIS EST
2018-09,16.82,23.8,43.85,PARIS EST
2018-10,13.39,35.3,34.07,PARIS EST
2018-11,7.63,86.0,29.18,PARIS EST
2018-12,6.46,72.8,40.89,PARIS EST
2019-01,3.47,51.8,32.59,PARIS EST
2019-02,6.2,28.2,39.64,PARIS EST
2019-03,8.94,62.1,44.92,PARIS EST
2019-04,10.61,28.1,31.61,PARIS EST
2019-05,13.04,82.7,28.53,PARIS EST
2019-06,19.0,71.2,41.19,PARIS EST
2019-07,21.48,25.1,29.96,PARIS EST
2019-08,19.98,75.1,32.45,PARIS EST
2019-09,16.92,34.1,42.6,PARIS EST
2019-10,13.11,104.6,33.06,PARIS EST
2019-11,7.35,92.9,30.81,PARIS EST
2019-12,6.24,89.0,44.29,PARIS EST
2020-01,6.16,47.2,37.02,PARIS EST
2020-02,8.02,111.7,51.19,PARIS EST
2020-03,7.76,54.6,40.43,PARIS EST
2020-04,13.84,30.9,33.43,PARIS EST
2020-05,15.52,26.4,37.36,PARIS EST
2020-06,18.04,52.4,33.68,PARIS EST
2020-07,20.22,7.3,27.97,PARIS EST
2020-08,21.53,34.4,35.36,PARIS EST
2020-09,18.12,43.4,34.8,PARIS EST
2020-10,12.18,90.4,39.61,PARIS EST
2020-11,8.8,17.1,37.35,PARIS EST
2020-12,6.04,135.0,45.2,PARIS EST
2021-01,4.39,103.6,42.01,PARIS EST
2021-02,6.0,43.9,35.01,PARIS EST
2021-03,7.59,37.1,38.99,PARIS EST
2021-04,8.3,31.0,27.0,PARIS EST
2021-05,12.69,72.8,34.96,PARIS EST
2021-06,18.91,95.7,30.57,PARIS EST
2021-07,19.06,93.0,35.03,PARIS EST
2021-08,18.32,24.2,31.67,PARIS EST
2021-09,17.58,79.4,25.5,PARIS EST
2021-10,11.72,69.2,52.4,PARIS EST
2021-11,6.26,24.4,30.39,PARIS EST
2021-12,6.2,80.1,32.83,PARIS EST
2022-01,4.13,50.3,41.86,PARIS EST
2022-02,6.89,26.9,47.03,PARIS EST
2022-03,8.48,47.1,29.53,PARIS EST
2022-04,10.86,49.3,38.48,PARIS EST
2022-05,16.28,37.9,29.27,PARIS EST
2022-06,18.78,94.0,28.82,PARIS EST
2022-07,21.62,26.4,26.37,PARIS EST
2022-08,22.04,48.9,23.04,PARIS EST
2022-09,15.8,79.6,30.85,PARIS EST
2022-10,15.11,86.3,36.87,PARIS EST
2022-11,9.12,67.7,38.75,PARIS EST
2022-12,5.01,102.2,37.07,PARIS EST
2023-01,5.6,64.3,43.22,PARIS EST
2023-02,5.3,4.3,32.05,PARIS EST
2023-03,8.88,107.5,42.58,PARIS EST
2023-04,9.68,75.3,37.46,PARIS EST
2023-05,14.67,63.5,26.76,PARIS EST
2023-06,20.89,60.2,26.53,PARIS EST
2023-07,20.26,103.7,32.45,PARIS EST
2023-08,19.47,123.0,44.65,PARIS EST
2023-09,19.59,70.8,30.39,PARIS EST
2023-10,14.2,100.9,39.48,PARIS EST
2023-11,8.5,100.6,47.02,PARIS EST
2023-12,7.5,73.2,36.56,PARIS EST
2024-01,3.99,64.2,41.26,PARIS EST
2024-02,8.67,109.3,42.52,PARIS EST
2024-03,9.1,105.1,39.29,PARIS EST
2024-04,11.25,86.8,38.96,PARIS EST
2024-05,14.39,125.1,25.01,PARIS EST
2024-06,16.64,104.4,30.29,PARIS EST
2024-07,19.93,92.1,27.53,PARIS EST
2024-08,20.45,104.2,28.55,PARIS EST
2024-09,15.3,127.7,34.1,PARIS EST
2024-10,13.23,118.0,26.89,PARIS EST
2024-11,8.15,57.5,29.21,PARIS EST
2024-12,6.05,55.6,29.56,PARIS EST
2025-01,3.98,136.7,33.01,PARIS EST
2025-02,4.92,50.3,26.03,PARIS EST
2025-03,8.49,22.4,24.7,PARIS EST
2025-04,13.88,29.3,19.51,PARIS EST
2025-05,15.85,57.4,24.2,PARIS EST
2025-06,21.86,57.3,24.09,PARIS EST
2025-07,20.28,143.8,21.19,PARIS EST
2025-08,20.78,26.1,20.63,PARIS EST
2025-09,15.77,55.4,28.71,PARIS EST
2025-10,12.6,48.9,29.38,PARIS EST
2025-11,8.47,76.4,21.38,PARIS EST
2025-12,6.59,36.9,25.54,PARIS EST
2026-01,5.33,73.7,33.62,PARIS EST
2026-02,8.82,118.3,26.02,PARIS EST
2026-03,9.56,59.7,28.73,PARIS EST
2026-04,13.86,20.8,22.33,PARIS EST
2026-05,17.0,108.8,23.1,PARIS EST
2026-06,22.64,49.2,25.54,PARIS EST
2017-12,6.52,10.0,11.21,CHAMBERY CHALLES LES EAUX
2018-01,6.4,216.2,17.56,CHAMBERY CHALLES LES EAUX
2018-02,2.08,61.5,20.27,CHAMBERY CHALLES LES EAUX
2018-03,6.61,175.7,21.22,CHAMBERY CHALLES LES EAUX
2018-04,14.06,52.9,16.12,CHAMBERY CHALLES LES EAUX
2018-05,16.52,146.5,16.97,CHAMBERY CHALLES LES EAUX
2018-06,20.65,70.7,16.74,CHAMBERY CHALLES LES EAUX
2018-07,24.4,38.4,14.84,CHAMBERY CHALLES LES EAUX
2018-08,22.94,87.7,16.33,CHAMBERY CHALLES LES EAUX
2018-09,19.82,26.4,19.84,CHAMBERY CHALLES LES EAUX
2018-10,14.15,97.0,13.24,CHAMBERY CHALLES LES EAUX
2018-11,8.57,98.1,9.42,CHAMBERY CHALLES LES EAUX
2018-12,5.72,162.0,15.48,CHAMBERY CHALLES LES EAUX
2019-01,2.53,109.4,16.28,CHAMBERY CHALLES LES EAUX
2019-02,5.79,52.0,20.68,CHAMBERY CHALLES LES EAUX
2019-03,8.64,92.7,20.55,CHAMBERY CHALLES LES EAUX
2019-04,10.99,116.3,18.9,CHAMBERY CHALLES LES EAUX
2019-05,13.29,123.2,22.67,CHAMBERY CHALLES LES EAUX
2019-06,21.36,128.4,24.58,CHAMBERY CHALLES LES EAUX
2019-07,24.25,47.3,19.35,CHAMBERY CHALLES LES EAUX
2019-08,22.43,73.3,14.12,CHAMBERY CHALLES LES EAUX
2019-09,18.61,54.4,16.18,CHAMBERY CHALLES LES EAUX
2019-10,14.73,161.3,10.59,CHAMBERY CHALLES LES EAUX
2019-11,7.75,207.8,17.73,CHAMBERY CHALLES LES EAUX
2019-12,6.21,149.3,15.04,CHAMBERY CHALLES LES EAUX
2020-01,4.83,56.2,16.52,CHAMBERY CHALLES LES EAUX
2020-02,7.24,109.7,20.37,CHAMBERY CHALLES LES EAUX
2020-03,8.59,99.1,15.03,CHAMBERY CHALLES LES EAUX
2020-04,14.57,73.2,16.45,CHAMBERY CHALLES LES EAUX
2020-05,16.7,99.1,16.52,CHAMBERY CHALLES LES EAUX
2020-06,18.87,121.7,14.4,CHAMBERY CHALLES LES EAUX
2020-07,23.12,36.6,13.71,CHAMBERY CHALLES LES EAUX
2020-08,22.73,84.9,14.84,CHAMBERY CHALLES LES EAUX
2020-09,18.82,132.2,14.24,CHAMBERY CHALLES LES EAUX
2020-10,11.66,193.8,16.97,CHAMBERY CHALLES LES EAUX
2020-11,8.62,34.9,15.19,CHAMBERY CHALLES LES EAUX
2020-12,4.94,169.1,13.24,CHAMBERY CHALLES LES EAUX
2021-01,3.17,189.8,15.48,CHAMBERY CHALLES LES EAUX
2021-02,7.49,56.8,17.3,CHAMBERY CHALLES LES EAUX
2021-03,8.41,86.0,17.78,CHAMBERY CHALLES LES EAUX
2021-04,10.3,109.6,19.84,CHAMBERY CHALLES LES EAUX
2021-05,13.63,165.2,18.53,CHAMBERY CHALLES LES EAUX
2021-06,20.59,101.4,13.4,CHAMBERY CHALLES LES EAUX
2021-07,20.45,205.5,15.94,CHAMBERY CHALLES LES EAUX
2021-08,20.14,69.1,13.71,CHAMBERY CHALLES LES EAUX
2021-09,19.09,83.4,10.39,CHAMBERY CHALLES LES EAUX
2021-10,12.35,141.6,14.92,CHAMBERY CHALLES LES EAUX
2021-11,6.29,87.4,14.51,CHAMBERY CHALLES LES EAUX
2021-12,4.05,187.7,10.83,CHAMBERY CHALLES LES EAUX
2022-01,2.54,53.3,18.06,CHAMBERY CHALLES LES EAUX
2022-02,5.77,98.4,15.26,CHAMBERY CHALLES LES EAUX
2022-03,9.21,45.3,13.66,CHAMBERY CHALLES LES EAUX
2022-04,11.71,87.7,18.58,CHAMBERY CHALLES LES EAUX
2022-05,18.87,72.5,18.29,CHAMBERY CHALLES LES EAUX
2022-06,22.32,104.8,19.23,CHAMBERY CHALLES LES EAUX
2022-07,25.21,3.8,18.36,CHAMBERY CHALLES LES EAUX
2022-08,24.55,61.2,17.38,CHAMBERY CHALLES LES EAUX
2022-09,17.36,168.2,14.77,CHAMBERY CHALLES LES EAUX
2022-10,16.82,97.6,18.08,CHAMBERY CHALLES LES EAUX
2022-11,9.64,210.2,12.64,CHAMBERY CHALLES LES EAUX
2022-12,5.89,138.9,9.59,CHAMBERY CHALLES LES EAUX
2023-01,3.92,151.2,18.03,CHAMBERY CHALLES LES EAUX
2023-02,5.63,8.9,24.44,CHAMBERY CHALLES LES EAUX
2023-03,9.0,164.7,18.86,CHAMBERY CHALLES LES EAUX
2023-04,10.75,97.4,16.45,CHAMBERY CHALLES LES EAUX
2023-05,15.78,92.8,19.48,CHAMBERY CHALLES LES EAUX
2023-06,21.45,85.4,13.38,CHAMBERY CHALLES LES EAUX
2023-07,23.22,77.9,19.97,CHAMBERY CHALLES LES EAUX
2023-08,23.24,81.1,25.57,CHAMBERY CHALLES LES EAUX
2023-09,20.73,100.6,18.89,CHAMBERY CHALLES LES EAUX
2023-10,15.75,223.7,15.82,CHAMBERY CHALLES LES EAUX
2023-11,8.04,267.3,20.47,CHAMBERY CHALLES LES EAUX
2023-12,5.77,160.7,11.89,CHAMBERY CHALLES LES EAUX
2024-01,5.05,121.4,16.28,CHAMBERY CHALLES LES EAUX
2024-02,7.69,90.8,15.82,CHAMBERY CHALLES LES EAUX
2024-03,9.72,187.9,17.83,CHAMBERY CHALLES LES EAUX
2024-04,11.69,101.7,22.31,CHAMBERY CHALLES LES EAUX
2024-05,15.17,206.8,18.95,CHAMBERY CHALLES LES EAUX
2024-06,19.72,122.8,19.24,CHAMBERY CHALLES LES EAUX
2024-07,22.81,125.0,13.71,CHAMBERY CHALLES LES EAUX
2024-08,23.6,48.7,13.71,CHAMBERY CHALLES LES EAUX
2024-09,16.31,215.9,20.27,CHAMBERY CHALLES LES EAUX
2024-10,14.98,142.3,17.13,CHAMBERY CHALLES LES EAUX
2024-11,8.6,78.2,23.76,CHAMBERY CHALLES LES EAUX
2024-12,3.97,129.9,16.18,CHAMBERY CHALLES LES EAUX
2025-01,4.44,195.3,18.91,CHAMBERY CHALLES LES EAUX
2025-02,5.67,52.2,16.74,CHAMBERY CHALLES LES EAUX
2025-03,8.68,144.9,22.77,CHAMBERY CHALLES LES EAUX
2025-04,12.88,123.6,18.3,CHAMBERY CHALLES LES EAUX
2025-05,15.57,134.9,14.55,CHAMBERY CHALLES LES EAUX
2025-06,23.14,74.7,14.74,CHAMBERY CHALLES LES EAUX
2025-07,21.84,105.0,17.39,CHAMBERY CHALLES LES EAUX
2025-08,22.98,129.6,15.41,CHAMBERY CHALLES LES EAUX
2025-09,16.47,120.0,13.59,CHAMBERY CHALLES LES EAUX
2025-10,12.34,209.2,24.32,CHAMBERY CHALLES LES EAUX
2025-11,7.2,163.2,18.31,CHAMBERY CHALLES LES EAUX
2025-12,5.14,36.4,15.76,CHAMBERY CHALLES LES EAUX
2026-01,3.32,131.3,17.42,CHAMBERY CHALLES LES EAUX
2026-02,7.65,190.3,15.86,CHAMBERY CHALLES LES EAUX
2026-03,8.24,77.3,24.27,CHAMBERY CHALLES LES EAUX
2026-04,14.95,33.1,16.28,CHAMBERY CHALLES LES EAUX
2026-05,16.91,188.8,16.79,CHAMBERY CHALLES LES EAUX
2026-06,23.39,67.2,15.66,CHAMBERY CHALLES LES EAUX
2017-12,5.12,19.2,14.87,BELLEGARDE (AIN)
2018-01,5.59,283.5,19.52,BELLEGARDE (AIN)
2018-02,1.0,52.5,21.39,BELLEGARDE (AIN)
2018-03,5.64,173.0,25.57,BELLEGARDE (AIN)
2018-04,13.65,61.9,18.09,BELLEGARDE (AIN)
2018-05,16.08,128.4,18.67,BELLEGARDE (AIN)
2018-06,19.7,90.4,19.62,BELLEGARDE (AIN)
2018-07,22.96,68.1,16.18,BELLEGARDE (AIN)
2018-08,21.57,91.5,16.78,BELLEGARDE (AIN)
2018-09,18.49,26.7,21.65,BELLEGARDE (AIN)
2018-10,13.27,67.4,14.0,BELLEGARDE (AIN)
2018-11,7.2,109.3,11.11,BELLEGARDE (AIN)
2018-12,4.82,159.0,15.28,BELLEGARDE (AIN)
2019-01,1.76,117.4,17.71,BELLEGARDE (AIN)
2019-02,5.23,38.6,19.6,BELLEGARDE (AIN)
2019-03,7.72,123.5,19.97,BELLEGARDE (AIN)
2019-04,10.23,109.5,21.32,BELLEGARDE (AIN)
2019-05,12.34,96.0,29.6,BELLEGARDE (AIN)
2019-06,20.36,174.9,21.13,BELLEGARDE (AIN)
2019-07,22.58,48.3,19.86,BELLEGARDE (AIN)
2019-08,20.95,94.6,17.28,BELLEGARDE (AIN)
2019-09,17.18,46.1,19.59,BELLEGARDE (AIN)
2019-10,13.26,147.3,13.22,BELLEGARDE (AIN)
2019-11,6.19,178.0,13.85,BELLEGARDE (AIN)
2019-12,5.18,178.5,15.38,BELLEGARDE (AIN)
2020-01,4.22,67.3,18.78,BELLEGARDE (AIN)
2020-02,6.37,134.2,17.29,BELLEGARDE (AIN)
2020-03,7.28,93.4,19.8,BELLEGARDE (AIN)
2020-04,13.77,71.8,17.1,BELLEGARDE (AIN)
2020-05,15.87,105.7,17.43,BELLEGARDE (AIN)
2020-06,17.71,138.2,16.17,BELLEGARDE (AIN)
2020-07,21.51,48.7,16.56,BELLEGARDE (AIN)
2020-08,21.3,88.2,15.63,BELLEGARDE (AIN)
2020-09,17.85,126.8,20.12,BELLEGARDE (AIN)
2020-10,10.53,208.2,20.83,BELLEGARDE (AIN)
2020-11,7.25,35.0,14.33,BELLEGARDE (AIN)
2020-12,3.58,194.3,15.84,BELLEGARDE (AIN)
2021-01,2.26,227.5,15.39,BELLEGARDE (AIN)
2021-02,6.42,59.4,18.63,BELLEGARDE (AIN)
2021-03,7.34,79.0,21.25,BELLEGARDE (AIN)
2021-04,9.2,94.7,19.86,BELLEGARDE (AIN)
2021-05,12.39,193.8,16.7,BELLEGARDE (AIN)
2021-06,19.72,149.8,13.63,BELLEGARDE (AIN)
2021-07,19.47,243.6,19.11,BELLEGARDE (AIN)
2021-08,18.84,80.1,16.7,BELLEGARDE (AIN)
2021-09,17.84,71.8,12.5,BELLEGARDE (AIN)
2021-10,11.09,137.8,19.97,BELLEGARDE (AIN)
2021-11,5.41,68.2,15.5,BELLEGARDE (AIN)
2021-12,3.36,207.6,14.06,BELLEGARDE (AIN)
2022-01,2.75,66.3,18.58,BELLEGARDE (AIN)
2022-02,5.2,95.6,16.77,BELLEGARDE (AIN)
2022-03,8.36,44.3,16.32,BELLEGARDE (AIN)
2022-04,10.76,100.9,18.16,BELLEGARDE (AIN)
2022-05,17.76,53.1,20.87,BELLEGARDE (AIN)
2022-06,20.95,133.3,16.06,BELLEGARDE (AIN)
2022-07,23.78,37.8,16.42,BELLEGARDE (AIN)
2022-08,22.61,65.7,18.0,BELLEGARDE (AIN)
2022-09,15.76,166.4,16.18,BELLEGARDE (AIN)
2022-10,15.62,108.1,11.53,BELLEGARDE (AIN)
2022-11,8.28,173.0,13.0,BELLEGARDE (AIN)
2022-12,5.1,161.1,12.48,BELLEGARDE (AIN)
2023-01,2.94,117.9,23.47,BELLEGARDE (AIN)
2023-02,4.71,13.2,30.31,BELLEGARDE (AIN)
2023-03,8.27,167.7,17.58,BELLEGARDE (AIN)
2023-04,9.77,128.5,16.87,BELLEGARDE (AIN)
2023-05,15.06,114.0,25.26,BELLEGARDE (AIN)
2023-06,20.59,122.5,16.18,BELLEGARDE (AIN)
2023-07,21.93,97.4,20.47,BELLEGARDE (AIN)
2023-08,22.56,60.7,26.23,BELLEGARDE (AIN)
2023-09,19.87,114.6,17.15,BELLEGARDE (AIN)
2023-10,14.6,252.4,18.68,BELLEGARDE (AIN)
2023-11,6.86,255.1,19.88,BELLEGARDE (AIN)
2023-12,4.83,192.2,16.09,BELLEGARDE (AIN)
2024-01,3.94,125.9,19.24,BELLEGARDE (AIN)
2024-02,7.27,115.4,20.88,BELLEGARDE (AIN)
2024-03,8.81,113.1,19.17,BELLEGARDE (AIN)
2024-04,10.71,85.6,22.49,BELLEGARDE (AIN)
2024-05,14.21,227.7,17.65,BELLEGARDE (AIN)
2024-06,18.65,154.4,18.08,BELLEGARDE (AIN)
2024-07,21.48,138.1,17.87,BELLEGARDE (AIN)
2024-08,22.41,48.8,16.36,BELLEGARDE (AIN)
2024-09,15.02,202.1,25.21,BELLEGARDE (AIN)
2024-10,13.49,133.0,22.37,BELLEGARDE (AIN)
2024-11,7.45,80.5,23.0,BELLEGARDE (AIN)
2024-12,3.2,130.9,21.58,BELLEGARDE (AIN)
2025-01,3.69,195.6,21.43,BELLEGARDE (AIN)
2025-02,4.86,58.6,19.55,BELLEGARDE (AIN)
2025-03,7.98,72.6,19.65,BELLEGARDE (AIN)
2025-04,12.15,124.1,16.48,BELLEGARDE (AIN)
2025-05,14.59,129.6,18.69,BELLEGARDE (AIN)
2025-06,21.91,120.8,16.92,BELLEGARDE (AIN)
2025-07,20.09,123.8,18.28,BELLEGARDE (AIN)
2025-08,21.56,111.1,17.43,BELLEGARDE (AIN)
2025-09,15.44,120.6,15.44,BELLEGARDE (AIN)
2025-10,11.14,166.8,21.67,BELLEGARDE (AIN)
2025-11,5.93,170.7,16.92,BELLEGARDE (AIN)
2025-12,4.26,47.3,24.22,BELLEGARDE (AIN)
2026-01,2.44,130.8,14.89,BELLEGARDE (AIN)
2026-02,6.65,191.1,20.12,BELLEGARDE (AIN)
2026-03,7.08,81.6,25.38,BELLEGARDE (AIN)
2026-04,13.84,41.1,18.58,BELLEGARDE (AIN)
2026-05,15.84,147.8,16.3,BELLEGARDE (AIN)
2026-06,22.48,63.1,18.56,BELLEGARDE (AIN)
2017-12,6.25,8.4,35.3,DIJON VILLE
2018-01,5.96,167.0,39.81,DIJON VILLE
2018-02,0.21,59.2,30.85,DIJON VILLE
2018-03,5.51,118.4,31.35,DIJON VILLE
2018-04,12.57,66.2,33.93,DIJON VILLE
2018-05,15.84,64.8,26.76,DIJON VILLE
2018-06,19.08,40.6,28.92,DIJON VILLE
2018-07,22.58,55.3,22.18,DIJON VILLE
2018-08,21.55,20.1,33.63,DIJON VILLE
2018-09,17.78,14.8,35.14,DIJON VILLE
2018-10,12.77,43.6,30.06,DIJON VILLE
2018-11,6.9,79.8,29.89,DIJON VILLE
2018-12,4.72,98.9,35.94,DIJON VILLE
2019-01,1.56,56.5,32.83,DIJON VILLE
2019-02,5.06,18.8,38.2,DIJON VILLE
2019-03,7.97,48.7,42.27,DIJON VILLE
2019-04,9.67,96.4,44.64,DIJON VILLE
2019-05,12.27,44.3,31.15,DIJON VILLE
2019-06,20.39,73.9,36.06,DIJON VILLE
2019-07,22.74,25.6,24.7,DIJON VILLE
2019-08,20.98,45.2,22.7,DIJON VILLE
2019-09,16.89,50.7,30.81,DIJON VILLE
2019-10,12.8,106.7,27.15,DIJON VILLE
2019-11,6.08,93.5,26.25,DIJON VILLE
2019-12,5.16,100.3,42.32,DIJON VILLE
2020-01,4.13,35.9,31.22,DIJON VILLE
2020-02,6.41,83.0,40.94,DIJON VILLE
2020-03,7.08,55.7,30.46,DIJON VILLE
2020-04,14.05,26.4,29.96,DIJON VILLE
2020-05,15.41,83.7,26.63,DIJON VILLE
2020-06,17.62,80.5,26.87,DIJON VILLE
2020-07,21.8,9.5,23.04,DIJON VILLE
2020-08,21.41,77.5,20.43,DIJON VILLE
2020-09,17.64,64.9,33.91,DIJON VILLE
2020-10,10.59,139.5,39.82,DIJON VILLE
2020-11,6.81,25.2,26.17,DIJON VILLE
2020-12,4.3,94.3,39.56,DIJON VILLE
2021-01,2.61,107.4,33.38,DIJON VILLE
2021-02,5.32,61.7,30.82,DIJON VILLE
2021-03,6.58,40.9,37.36,DIJON VILLE
2021-04,8.21,33.8,25.78,DIJON VILLE
2021-05,11.81,99.9,37.58,DIJON VILLE
2021-06,19.21,142.9,24.16,DIJON VILLE
2021-07,18.43,138.2,28.48,DIJON VILLE
2021-08,18.24,41.2,26.83,DIJON VILLE
2021-09,17.35,61.2,25.85,DIJON VILLE
2021-10,10.8,87.0,39.61,DIJON VILLE
2021-11,4.67,42.2,26.21,DIJON VILLE
2021-12,4.07,91.1,32.74,DIJON VILLE
2022-01,1.66,43.3,32.96,DIJON VILLE
2022-02,5.05,45.9,33.67,DIJON VILLE
2022-03,7.8,31.8,30.89,DIJON VILLE
2022-04,10.3,50.8,39.46,DIJON VILLE
2022-05,16.85,39.8,28.99,DIJON VILLE
2022-06,20.0,135.1,30.83,DIJON VILLE
2022-07,22.27,21.6,24.14,DIJON VILLE
2022-08,22.12,48.4,28.88,DIJON VILLE
2022-09,15.05,95.8,25.77,DIJON VILLE
2022-10,14.94,58.7,27.9,DIJON VILLE
2022-11,7.8,90.9,27.0,DIJON VILLE
2022-12,4.17,64.1,27.38,DIJON VILLE
2023-01,3.83,51.1,35.13,DIJON VILLE
2023-02,4.13,6.1,39.53,DIJON VILLE
2023-03,7.65,80.4,38.92,DIJON VILLE
2023-04,9.15,56.7,24.19,DIJON VILLE
2023-05,14.87,42.5,29.09,DIJON VILLE
2023-06,20.62,57.3,21.98,DIJON VILLE
2023-07,20.32,67.7,25.16,DIJON VILLE
2023-08,20.24,40.2,37.73,DIJON VILLE
2023-09,19.34,27.9,27.75,DIJON VILLE
2023-10,13.69,176.7,33.81,DIJON VILLE
2023-11,6.94,100.9,38.36,DIJON VILLE
2023-12,5.21,65.6,30.02,DIJON VILLE
2024-01,2.94,54.1,31.82,DIJON VILLE
2024-02,6.9,80.8,33.44,DIJON VILLE
2024-03,8.55,122.6,34.73,DIJON VILLE
2024-04,10.19,75.1,31.49,DIJON VILLE
2024-05,13.67,125.9,23.68,DIJON VILLE
2024-06,17.41,95.4,27.97,DIJON VILLE
2024-07,19.65,79.7,24.07,DIJON VILLE
2024-08,20.89,28.7,27.25,DIJON VILLE
2024-09,14.64,105.1,36.03,DIJON VILLE
2024-10,12.81,96.9,40.56,DIJON VILLE
2024-11,6.39,70.4,34.41,DIJON VILLE
2024-12,2.85,57.6,35.05,DIJON VILLE
2025-01,3.12,86.8,38.16,DIJON VILLE
2025-02,4.01,50.9,31.14,DIJON VILLE
2025-03,7.42,61.2,31.95,DIJON VILLE
2025-04,11.47,62.6,21.03,DIJON VILLE
2025-05,14.81,43.9,23.93,DIJON VILLE
2025-06,21.69,54.1,22.07,DIJON VILLE
2025-07,19.84,47.2,27.79,DIJON VILLE
2025-08,20.53,125.4,21.58,DIJON VILLE
2025-09,14.76,96.5,21.64,DIJON VILLE
2025-10,10.96,107.8,36.86,DIJON VILLE
2025-11,6.44,69.7,27.29,DIJON VILLE
2025-12,4.31,55.4,29.48,DIJON VILLE
2026-01,2.79,66.2,31.84,DIJON VILLE
2026-02,7.0,105.5,39.17,DIJON VILLE
2026-03,7.46,37.3,27.9,DIJON VILLE
2026-04,13.06,22.9,23.59,DIJON VILLE
2026-05,16.4,47.2,23.85,DIJON VILLE
2026-06,22.59,32.6,22.79,DIJON VILLE
2017-12,7.54,4.1,32.04,STRASBOURG
2018-01,5.74,169.2,39.64,STRASBOURG
2018-02,-0.29,31.3,30.6,STRASBOURG
2018-03,4.95,49.0,28.82,STRASBOURG
2018-04,13.44,24.8,31.9,STRASBOURG
2018-05,17.11,94.1,33.7,STRASBOURG
2018-06,19.86,57.0,26.6,STRASBOURG
2018-07,23.06,28.2,26.18,STRASBOURG
2018-08,21.62,32.7,24.07,STRASBOURG
2018-09,16.98,38.5,36.51,STRASBOURG
2018-10,12.18,25.4,28.48,STRASBOURG
2018-11,6.5,33.1,29.02,STRASBOURG
2018-12,4.61,103.2,35.59,STRASBOURG
2019-01,1.61,68.2,28.5,STRASBOURG
2019-02,4.57,27.9,36.55,STRASBOURG
2019-03,8.0,64.6,42.45,STRASBOURG
2019-04,10.02,81.7,34.27,STRASBOURG
2019-05,12.47,82.0,30.98,STRASBOURG
2019-06,20.79,68.0,30.39,STRASBOURG
2019-07,21.84,48.0,27.29,STRASBOURG
2019-08,21.16,41.8,26.83,STRASBOURG
2019-09,16.33,36.2,33.14,STRASBOURG
2019-10,12.53,87.5,23.62,STRASBOURG
2019-11,5.76,50.8,26.65,STRASBOURG
2019-12,4.13,87.6,39.05,STRASBOURG
2020-01,3.86,28.6,37.17,STRASBOURG
2020-02,6.62,135.3,50.49,STRASBOURG
2020-03,6.7,63.8,32.67,STRASBOURG
2020-04,13.71,12.2,29.04,STRASBOURG
2020-05,15.46,45.7,25.62,STRASBOURG
2020-06,17.98,95.7,28.69,STRASBOURG
2020-07,21.5,23.5,27.22,STRASBOURG
2020-08,21.75,65.9,24.19,STRASBOURG
2020-09,17.41,29.3,28.1,STRASBOURG
2020-10,11.05,71.0,36.04,STRASBOURG
2020-11,6.08,17.2,23.8,STRASBOURG
2020-12,3.98,71.1,29.52,STRASBOURG
2021-01,2.06,142.7,32.06,STRASBOURG
2021-02,4.33,52.0,34.8,STRASBOURG
2021-03,6.31,43.2,39.89,STRASBOURG
2021-04,7.82,37.3,32.79,STRASBOURG
2021-05,12.13,103.2,33.03,STRASBOURG
2021-06,20.39,101.9,28.24,STRASBOURG
2021-07,18.95,126.5,19.45,STRASBOURG
2021-08,17.97,62.1,27.72,STRASBOURG
2021-09,16.86,32.7,29.6,STRASBOURG
2021-10,10.37,77.6,34.79,STRASBOURG
2021-11,4.41,52.7,30.41,STRASBOURG
2021-12,4.06,97.9,29.88,STRASBOURG
2022-01,2.24,50.3,32.96,STRASBOURG
2022-02,5.38,66.1,42.24,STRASBOURG
2022-03,6.78,26.0,29.24,STRASBOURG
2022-04,10.09,70.8,36.04,STRASBOURG
2022-05,17.0,28.9,28.78,STRASBOURG
2022-06,20.43,75.1,29.97,STRASBOURG
2022-07,22.38,3.7,25.29,STRASBOURG
2022-08,22.43,51.5,23.51,STRASBOURG
2022-09,15.11,115.5,26.84,STRASBOURG
2022-10,14.22,94.9,26.08,STRASBOURG
2022-11,7.95,79.2,25.36,STRASBOURG
2022-12,3.52,81.0,28.71,STRASBOURG
2023-01,4.3,52.3,38.55,STRASBOURG
2023-02,3.91,18.9,32.59,STRASBOURG
2023-03,7.87,90.1,38.51,STRASBOURG
2023-04,9.35,57.8,25.26,STRASBOURG
2023-05,15.38,62.9,25.54,STRASBOURG
2023-06,21.41,25.0,25.96,STRASBOURG
2023-07,20.96,126.4,27.06,STRASBOURG
2023-08,20.05,82.4,35.14,STRASBOURG
2023-09,19.09,23.2,21.24,STRASBOURG
2023-10,13.18,131.4,28.17,STRASBOURG
2023-11,6.83,130.1,34.61,STRASBOURG
2023-12,5.26,110.7,32.76,STRASBOURG
2024-01,2.41,78.0,34.75,STRASBOURG
2024-02,7.54,77.8,31.73,STRASBOURG
2024-03,8.74,89.9,28.84,STRASBOURG
2024-04,10.78,95.7,33.68,STRASBOURG
2024-05,14.86,183.6,32.02,STRASBOURG
2024-06,17.84,117.6,24.49,STRASBOURG
2024-07,20.02,74.5,21.75,STRASBOURG
2024-08,21.22,57.4,22.67,STRASBOURG
2024-09,15.72,70.8,36.02,STRASBOURG
2024-10,12.22,100.9,35.27,STRASBOURG
2024-11,5.54,68.3,29.24,STRASBOURG
2024-12,2.81,75.2,31.0,STRASBOURG
2025-01,2.55,109.5,33.7,STRASBOURG
2025-02,2.93,46.3,23.45,STRASBOURG
2025-03,7.12,40.7,29.88,STRASBOURG
2025-04,11.58,38.8,25.84,STRASBOURG
2025-05,15.05,40.6,24.3,STRASBOURG
2025-06,21.02,79.3,26.76,STRASBOURG
2025-07,19.48,110.8,24.8,STRASBOURG
2025-08,19.37,72.7,18.13,STRASBOURG
2025-09,14.84,137.1,22.47,STRASBOURG
2025-10,11.04,82.6,30.91,STRASBOURG
2025-11,4.83,56.1,21.66,STRASBOURG
2025-12,3.08,18.1,32.51,STRASBOURG
2026-01,1.19,61.8,26.59,STRASBOURG
2026-02,6.01,100.9,32.18,STRASBOURG
2026-03,7.08,55.4,29.76,STRASBOURG
2026-04,11.95,23.5,25.93,STRASBOURG
2026-05,16.23,46.9,22.74,STRASBOURG
2026-06,21.9,42.2,25.06,STRASBOURG
2017-12,7.54,5.1,43.52,MULHOUSE VILLE
2018-01,5.75,186.5,51.98,MULHOUSE VILLE
2018-02,-0.17,46.8,31.49,MULHOUSE VILLE
2018-03,5.13,71.1,35.95,MULHOUSE VILLE
2018-04,13.47,42.2,36.32,MULHOUSE VILLE
2018-05,16.76,91.8,31.07,MULHOUSE VILLE
2018-06,19.72,77.1,28.22,MULHOUSE VILLE
2018-07,22.73,26.9,27.05,MULHOUSE VILLE
2018-08,21.88,22.5,35.9,MULHOUSE VILLE
2018-09,17.45,28.5,40.95,MULHOUSE VILLE
2018-10,12.11,38.4,32.89,MULHOUSE VILLE
2018-11,6.11,42.5,29.46,MULHOUSE VILLE
2018-12,4.55,98.5,48.33,MULHOUSE VILLE
2019-01,1.52,68.0,36.74,MULHOUSE VILLE
2019-02,4.43,34.5,37.51,MULHOUSE VILLE
2019-03,7.88,76.4,42.48,MULHOUSE VILLE
2019-04,9.85,85.5,41.44,MULHOUSE VILLE
2019-05,12.17,87.5,43.24,MULHOUSE VILLE
2019-06,20.48,74.9,28.08,MULHOUSE VILLE
2019-07,22.05,46.0,26.9,MULHOUSE VILLE
2019-08,20.71,70.5,24.27,MULHOUSE VILLE
2019-09,16.18,39.7,38.96,MULHOUSE VILLE
2019-10,12.47,109.4,29.97,MULHOUSE VILLE
2019-11,5.75,81.4,30.08,MULHOUSE VILLE
2019-12,4.49,100.7,42.99,MULHOUSE VILLE
2020-01,3.86,41.5,36.22,MULHOUSE VILLE
2020-02,6.85,105.2,49.9,MULHOUSE VILLE
2020-03,6.73,66.7,41.27,MULHOUSE VILLE
2020-04,13.74,26.9,32.24,MULHOUSE VILLE
2020-05,15.09,87.1,29.16,MULHOUSE VILLE
2020-06,18.14,92.9,33.41,MULHOUSE VILLE
2020-07,22.14,13.5,27.01,MULHOUSE VILLE
2020-08,21.31,91.9,30.91,MULHOUSE VILLE
2020-09,17.15,36.9,35.58,MULHOUSE VILLE
2020-10,10.75,94.7,32.85,MULHOUSE VILLE
2020-11,6.32,20.5,27.38,MULHOUSE VILLE
2020-12,3.9,84.2,36.37,MULHOUSE VILLE
2021-01,1.98,157.7,33.97,MULHOUSE VILLE
2021-02,4.55,44.3,34.57,MULHOUSE VILLE
2021-03,6.37,56.9,43.99,MULHOUSE VILLE
2021-04,7.97,52.8,32.74,MULHOUSE VILLE
2021-05,11.94,133.1,39.76,MULHOUSE VILLE
2021-06,20.12,106.2,25.07,MULHOUSE VILLE
2021-07,19.01,147.0,28.77,MULHOUSE VILLE
2021-08,18.38,43.6,27.37,MULHOUSE VILLE
2021-09,17.19,31.0,30.78,MULHOUSE VILLE
2021-10,10.46,60.1,45.26,MULHOUSE VILLE
2021-11,4.42,63.4,38.2,MULHOUSE VILLE
2021-12,3.96,90.7,41.24,MULHOUSE VILLE
2022-01,2.02,55.4,46.45,MULHOUSE VILLE
2022-02,5.23,67.6,43.77,MULHOUSE VILLE
2022-03,7.18,46.6,32.6,MULHOUSE VILLE
2022-04,10.18,79.2,46.83,MULHOUSE VILLE
2022-05,17.04,26.5,29.95,MULHOUSE VILLE
2022-06,21.14,71.3,27.24,MULHOUSE VILLE
2022-07,22.66,13.2,25.26,MULHOUSE VILLE
2022-08,22.16,46.9,25.92,MULHOUSE VILLE
2022-09,15.33,118.9,28.96,MULHOUSE VILLE
2022-10,14.73,67.7,33.17,MULHOUSE VILLE
2022-11,7.67,75.9,31.68,MULHOUSE VILLE
2022-12,3.63,93.0,39.31,MULHOUSE VILLE
2023-01,3.96,78.3,38.99,MULHOUSE VILLE
2023-02,3.9,16.3,37.95,MULHOUSE VILLE
2023-03,7.95,102.3,41.64,MULHOUSE VILLE
2023-04,9.4,74.0,31.44,MULHOUSE VILLE
2023-05,15.22,63.5,30.14,MULHOUSE VILLE
2023-06,21.4,41.4,26.3,MULHOUSE VILLE
2023-07,20.84,81.5,30.68,MULHOUSE VILLE
2023-08,20.95,71.1,36.32,MULHOUSE VILLE
2023-09,19.35,32.7,25.26,MULHOUSE VILLE
2023-10,13.79,97.6,31.87,MULHOUSE VILLE
2023-11,7.15,164.3,44.34,MULHOUSE VILLE
2023-12,5.54,100.1,37.46,MULHOUSE VILLE
2024-01,2.87,91.1,37.3,MULHOUSE VILLE
2024-02,7.74,72.0,40.74,MULHOUSE VILLE
2024-03,8.94,81.1,33.85,MULHOUSE VILLE
2024-04,10.7,105.6,36.32,MULHOUSE VILLE
2024-05,14.87,157.4,29.17,MULHOUSE VILLE
2024-06,18.25,75.3,26.42,MULHOUSE VILLE
2024-07,20.77,65.8,27.67,MULHOUSE VILLE
2024-08,22.4,46.4,28.99,MULHOUSE VILLE
2024-09,15.5,124.1,34.46,MULHOUSE VILLE
2024-10,12.73,64.6,39.59,MULHOUSE VILLE
2024-11,5.64,87.2,38.81,MULHOUSE VILLE
2024-12,3.16,81.1,38.02,MULHOUSE VILLE
2025-01,3.1,99.1,36.92,MULHOUSE VILLE
2025-02,3.59,48.6,31.51,MULHOUSE VILLE
2025-03,7.42,54.8,29.61,MULHOUSE VILLE
2025-04,12.49,52.9,23.81,MULHOUSE VILLE
2025-05,15.83,32.2,28.81,MULHOUSE VILLE
2025-06,22.61,43.6,27.55,MULHOUSE VILLE
2025-07,20.09,119.1,25.67,MULHOUSE VILLE
2025-08,20.5,111.3,21.06,MULHOUSE VILLE
2025-09,15.25,136.1,30.41,MULHOUSE VILLE
2025-10,11.01,94.1,33.86,MULHOUSE VILLE
2025-11,5.38,77.3,21.34,MULHOUSE VILLE
2025-12,3.23,18.0,30.75,MULHOUSE VILLE
2026-01,1.44,66.8,34.53,MULHOUSE VILLE
2026-02,6.65,98.4,29.86,MULHOUSE VILLE
2026-03,7.46,45.3,32.57,MULHOUSE VILLE
2026-04,12.65,28.4,24.07,MULHOUSE VILLE
2026-05,17.0,58.9,26.89,MULHOUSE VILLE
2026-06,23.53,31.7,24.05,MULHOUSE VILLE
